USE ProjetFinal_2147037
GO
SET IDENTITY_INSERT [Personne].[Acteur] ON 

INSERT [Personne].[Acteur] ([ActeurID], [Nom], [Prenom], [Age]) VALUES (1, N'Olvan', N'Buckston', 85)
INSERT [Personne].[Acteur] ([ActeurID], [Nom], [Prenom], [Age]) VALUES (2, N'Orion', N'Gerrelt', 72)
INSERT [Personne].[Acteur] ([ActeurID], [Nom], [Prenom], [Age]) VALUES (3, N'Nathalie', N'Wilmott', 95)
INSERT [Personne].[Acteur] ([ActeurID], [Nom], [Prenom], [Age]) VALUES (4, N'Estel', N'Dalgarno', 65)
INSERT [Personne].[Acteur] ([ActeurID], [Nom], [Prenom], [Age]) VALUES (5, N'Fredra', N'Walwood', 82)
INSERT [Personne].[Acteur] ([ActeurID], [Nom], [Prenom], [Age]) VALUES (6, N'Prentice', N'Vanini', 53)
INSERT [Personne].[Acteur] ([ActeurID], [Nom], [Prenom], [Age]) VALUES (7, N'Emmalee', N'Wickey', 106)
INSERT [Personne].[Acteur] ([ActeurID], [Nom], [Prenom], [Age]) VALUES (8, N'Tremaine', N'Headland', 74)
INSERT [Personne].[Acteur] ([ActeurID], [Nom], [Prenom], [Age]) VALUES (9, N'Graig', N'Bertolin', 48)
INSERT [Personne].[Acteur] ([ActeurID], [Nom], [Prenom], [Age]) VALUES (10, N'Effie', N'Rawnsley', 78)
INSERT [Personne].[Acteur] ([ActeurID], [Nom], [Prenom], [Age]) VALUES (11, N'Austin', N'Dhenin', 115)
INSERT [Personne].[Acteur] ([ActeurID], [Nom], [Prenom], [Age]) VALUES (12, N'Eve', N'Tant', 59)
INSERT [Personne].[Acteur] ([ActeurID], [Nom], [Prenom], [Age]) VALUES (13, N'Adham', N'Fairbrace', 39)
INSERT [Personne].[Acteur] ([ActeurID], [Nom], [Prenom], [Age]) VALUES (14, N'Dedra', N'Stiggers', 114)
INSERT [Personne].[Acteur] ([ActeurID], [Nom], [Prenom], [Age]) VALUES (15, N'Sibylla', N'Broom', 44)
INSERT [Personne].[Acteur] ([ActeurID], [Nom], [Prenom], [Age]) VALUES (16, N'Marielle', N'Bartoshevich', 27)
INSERT [Personne].[Acteur] ([ActeurID], [Nom], [Prenom], [Age]) VALUES (17, N'Taber', N'Whetton', 98)
INSERT [Personne].[Acteur] ([ActeurID], [Nom], [Prenom], [Age]) VALUES (18, N'Beale', N'Warbrick', 25)
INSERT [Personne].[Acteur] ([ActeurID], [Nom], [Prenom], [Age]) VALUES (19, N'Denver', N'Chatel', 25)
INSERT [Personne].[Acteur] ([ActeurID], [Nom], [Prenom], [Age]) VALUES (20, N'Tanhya', N'Neles', 27)
INSERT [Personne].[Acteur] ([ActeurID], [Nom], [Prenom], [Age]) VALUES (21, N'Shannen', N'Jowsey', 64)
INSERT [Personne].[Acteur] ([ActeurID], [Nom], [Prenom], [Age]) VALUES (22, N'Thorny', N'Bediss', 47)
INSERT [Personne].[Acteur] ([ActeurID], [Nom], [Prenom], [Age]) VALUES (23, N'Calypso', N'Calbaithe', 91)
INSERT [Personne].[Acteur] ([ActeurID], [Nom], [Prenom], [Age]) VALUES (24, N'Amelina', N'Possa', 102)
INSERT [Personne].[Acteur] ([ActeurID], [Nom], [Prenom], [Age]) VALUES (25, N'Odelle', N'Edginton', 76)
INSERT [Personne].[Acteur] ([ActeurID], [Nom], [Prenom], [Age]) VALUES (26, N'Greta', N'Dunlap', 45)
INSERT [Personne].[Acteur] ([ActeurID], [Nom], [Prenom], [Age]) VALUES (27, N'Mellicent', N'Beadle', 52)
INSERT [Personne].[Acteur] ([ActeurID], [Nom], [Prenom], [Age]) VALUES (28, N'Blondell', N'Pepineaux', 74)
INSERT [Personne].[Acteur] ([ActeurID], [Nom], [Prenom], [Age]) VALUES (29, N'Lyndsay', N'McKyrrelly', 38)
INSERT [Personne].[Acteur] ([ActeurID], [Nom], [Prenom], [Age]) VALUES (30, N'Gannie', N'Hallatt', 54)
INSERT [Personne].[Acteur] ([ActeurID], [Nom], [Prenom], [Age]) VALUES (31, N'Mathian', N'Stockney', 71)
INSERT [Personne].[Acteur] ([ActeurID], [Nom], [Prenom], [Age]) VALUES (32, N'Shepard', N'Dowrey', 62)
INSERT [Personne].[Acteur] ([ActeurID], [Nom], [Prenom], [Age]) VALUES (33, N'Emma', N'Baraclough', 90)
INSERT [Personne].[Acteur] ([ActeurID], [Nom], [Prenom], [Age]) VALUES (34, N'Cissiee', N'Garrow', 105)
INSERT [Personne].[Acteur] ([ActeurID], [Nom], [Prenom], [Age]) VALUES (35, N'Shayne', N'Pinckney', 23)
INSERT [Personne].[Acteur] ([ActeurID], [Nom], [Prenom], [Age]) VALUES (36, N'Marys', N'Warlowe', 102)
INSERT [Personne].[Acteur] ([ActeurID], [Nom], [Prenom], [Age]) VALUES (37, N'Jannel', N'Dackombe', 35)
INSERT [Personne].[Acteur] ([ActeurID], [Nom], [Prenom], [Age]) VALUES (38, N'Dennis', N'Duley', 104)
INSERT [Personne].[Acteur] ([ActeurID], [Nom], [Prenom], [Age]) VALUES (39, N'Darci', N'Loton', 113)
INSERT [Personne].[Acteur] ([ActeurID], [Nom], [Prenom], [Age]) VALUES (40, N'Dot', N'Gemlbett', 89)
SET IDENTITY_INSERT [Personne].[Acteur] OFF
GO
SET IDENTITY_INSERT [Television].[Plateforme] ON 

INSERT [Television].[Plateforme] ([PlateformeID], [Nom], [Descriptions], [NbEmissionCoreenne]) VALUES (1, N'Zaam-Dox', N'Microscopic examination of specimen from skin', 1)
INSERT [Television].[Plateforme] ([PlateformeID], [Nom], [Descriptions], [NbEmissionCoreenne]) VALUES (2, N'Quo Lux', N'Conjunctivocystorhinostomy', 0)
INSERT [Television].[Plateforme] ([PlateformeID], [Nom], [Descriptions], [NbEmissionCoreenne]) VALUES (3, N'Y-find', N'Suture of artery', 5)
INSERT [Television].[Plateforme] ([PlateformeID], [Nom], [Descriptions], [NbEmissionCoreenne]) VALUES (4, N'Stim', N'Other proctopexy', 1)
INSERT [Television].[Plateforme] ([PlateformeID], [Nom], [Descriptions], [NbEmissionCoreenne]) VALUES (5, N'Duobam', N'Biopsy of conjunctiva', 0)
SET IDENTITY_INSERT [Television].[Plateforme] OFF
GO
SET IDENTITY_INSERT [Television].[EmissionTelevision] ON 

INSERT [Television].[EmissionTelevision] ([EmissionTelevisionID], [Nom], [Descriptions], [EstCoreen], [Cote], [NbVisionnement], [CoutProduction], [PlateformeID]) VALUES (1, N'Spy Next Door The', N'Other reconstruction', 0, 1, 86186359, 54260127.0000, 1)
INSERT [Television].[EmissionTelevision] ([EmissionTelevisionID], [Nom], [Descriptions], [EstCoreen], [Cote], [NbVisionnement], [CoutProduction], [PlateformeID]) VALUES (2, N'Last Summer', N'Other diagnostic', 0, 0, 78373738, 9021362.0000, 1)
INSERT [Television].[EmissionTelevision] ([EmissionTelevisionID], [Nom], [Descriptions], [EstCoreen], [Cote], [NbVisionnement], [CoutProduction], [PlateformeID]) VALUES (3, N'Good the Bad', N'Removal', 0, 5, 26032285, 7888061.0000, 2)
INSERT [Television].[EmissionTelevision] ([EmissionTelevisionID], [Nom], [Descriptions], [EstCoreen], [Cote], [NbVisionnement], [CoutProduction], [PlateformeID]) VALUES (4, N'Ricky Gervais Live 4', N'Removal', 0, 3, 21359336, 7223796.0000, 2)
INSERT [Television].[EmissionTelevision] ([EmissionTelevisionID], [Nom], [Descriptions], [EstCoreen], [Cote], [NbVisionnement], [CoutProduction], [PlateformeID]) VALUES (5, N'Zerophilia', N'Intravascular pressure', 1, 0, 66369328, 8328083.0000, 3)
INSERT [Television].[EmissionTelevision] ([EmissionTelevisionID], [Nom], [Descriptions], [EstCoreen], [Cote], [NbVisionnement], [CoutProduction], [PlateformeID]) VALUES (6, N'Father Hood', N'Excision of bone', 0, 0, 59759823, 2231029.0000, 3)
INSERT [Television].[EmissionTelevision] ([EmissionTelevisionID], [Nom], [Descriptions], [EstCoreen], [Cote], [NbVisionnement], [CoutProduction], [PlateformeID]) VALUES (7, N'Hamlet', N'Exenteration of orbit', 1, 2, 93882600, 9827457.0000, 4)
INSERT [Television].[EmissionTelevision] ([EmissionTelevisionID], [Nom], [Descriptions], [EstCoreen], [Cote], [NbVisionnement], [CoutProduction], [PlateformeID]) VALUES (8, N'Scientist The', N'Radical cystectomy', 0, 2, 24191688, 3233351.0000, 4)
INSERT [Television].[EmissionTelevision] ([EmissionTelevisionID], [Nom], [Descriptions], [EstCoreen], [Cote], [NbVisionnement], [CoutProduction], [PlateformeID]) VALUES (9, N'Crime at Porta Romana', N'Retrobulbar', 0, 4, 16794037, 750440.0000, 5)
INSERT [Television].[EmissionTelevision] ([EmissionTelevisionID], [Nom], [Descriptions], [EstCoreen], [Cote], [NbVisionnement], [CoutProduction], [PlateformeID]) VALUES (10, N'Madame Curie', N'Other enucleation', 1, 3, 13932037, 3571744.0000, 5)
SET IDENTITY_INSERT [Television].[EmissionTelevision] OFF
GO
SET IDENTITY_INSERT [Personne].[Personnage] ON 

INSERT [Personne].[Personnage] ([PersonnageID], [Nom], [ActeurID], [EmissionTelevisionID]) VALUES (1, N'Kirby', 1, 1)
INSERT [Personne].[Personnage] ([PersonnageID], [Nom], [ActeurID], [EmissionTelevisionID]) VALUES (2, N'Hendrik', 2, 1)
INSERT [Personne].[Personnage] ([PersonnageID], [Nom], [ActeurID], [EmissionTelevisionID]) VALUES (3, N'Padgett', 3, 1)
INSERT [Personne].[Personnage] ([PersonnageID], [Nom], [ActeurID], [EmissionTelevisionID]) VALUES (4, N'Domingo', 4, 1)
INSERT [Personne].[Personnage] ([PersonnageID], [Nom], [ActeurID], [EmissionTelevisionID]) VALUES (5, N'Allianora', 5, 1)
INSERT [Personne].[Personnage] ([PersonnageID], [Nom], [ActeurID], [EmissionTelevisionID]) VALUES (6, N'Linn', 6, 1)
INSERT [Personne].[Personnage] ([PersonnageID], [Nom], [ActeurID], [EmissionTelevisionID]) VALUES (7, N'Nikolos', 7, 1)
INSERT [Personne].[Personnage] ([PersonnageID], [Nom], [ActeurID], [EmissionTelevisionID]) VALUES (8, N'Percival', 8, 1)
INSERT [Personne].[Personnage] ([PersonnageID], [Nom], [ActeurID], [EmissionTelevisionID]) VALUES (9, N'Lettie', 9, 2)
INSERT [Personne].[Personnage] ([PersonnageID], [Nom], [ActeurID], [EmissionTelevisionID]) VALUES (10, N'Claresta', 10, 2)
INSERT [Personne].[Personnage] ([PersonnageID], [Nom], [ActeurID], [EmissionTelevisionID]) VALUES (11, N'Farly', 11, 2)
INSERT [Personne].[Personnage] ([PersonnageID], [Nom], [ActeurID], [EmissionTelevisionID]) VALUES (12, N'Farley', 12, 2)
INSERT [Personne].[Personnage] ([PersonnageID], [Nom], [ActeurID], [EmissionTelevisionID]) VALUES (13, N'Cully', 13, 2)
INSERT [Personne].[Personnage] ([PersonnageID], [Nom], [ActeurID], [EmissionTelevisionID]) VALUES (14, N'Moritz', 14, 2)
INSERT [Personne].[Personnage] ([PersonnageID], [Nom], [ActeurID], [EmissionTelevisionID]) VALUES (15, N'Stefanie', 15, 2)
INSERT [Personne].[Personnage] ([PersonnageID], [Nom], [ActeurID], [EmissionTelevisionID]) VALUES (16, N'Joline', 16, 3)
INSERT [Personne].[Personnage] ([PersonnageID], [Nom], [ActeurID], [EmissionTelevisionID]) VALUES (17, N'Lyda', 17, 3)
INSERT [Personne].[Personnage] ([PersonnageID], [Nom], [ActeurID], [EmissionTelevisionID]) VALUES (18, N'Lily', 18, 3)
INSERT [Personne].[Personnage] ([PersonnageID], [Nom], [ActeurID], [EmissionTelevisionID]) VALUES (19, N'Emilee', 19, 3)
INSERT [Personne].[Personnage] ([PersonnageID], [Nom], [ActeurID], [EmissionTelevisionID]) VALUES (20, N'Astra', 20, 3)
INSERT [Personne].[Personnage] ([PersonnageID], [Nom], [ActeurID], [EmissionTelevisionID]) VALUES (21, N'Edgardo', 21, 3)
INSERT [Personne].[Personnage] ([PersonnageID], [Nom], [ActeurID], [EmissionTelevisionID]) VALUES (22, N'Ewen', 22, 3)
INSERT [Personne].[Personnage] ([PersonnageID], [Nom], [ActeurID], [EmissionTelevisionID]) VALUES (23, N'Florida', 23, 3)
INSERT [Personne].[Personnage] ([PersonnageID], [Nom], [ActeurID], [EmissionTelevisionID]) VALUES (24, N'Tricia', 24, 3)
INSERT [Personne].[Personnage] ([PersonnageID], [Nom], [ActeurID], [EmissionTelevisionID]) VALUES (25, N'Norah', 25, 4)
INSERT [Personne].[Personnage] ([PersonnageID], [Nom], [ActeurID], [EmissionTelevisionID]) VALUES (26, N'Laverna', 26, 4)
INSERT [Personne].[Personnage] ([PersonnageID], [Nom], [ActeurID], [EmissionTelevisionID]) VALUES (27, N'Rollin', 27, 4)
INSERT [Personne].[Personnage] ([PersonnageID], [Nom], [ActeurID], [EmissionTelevisionID]) VALUES (28, N'Shae', 28, 4)
INSERT [Personne].[Personnage] ([PersonnageID], [Nom], [ActeurID], [EmissionTelevisionID]) VALUES (29, N'Elfie', 29, 4)
INSERT [Personne].[Personnage] ([PersonnageID], [Nom], [ActeurID], [EmissionTelevisionID]) VALUES (30, N'Sella', 30, 4)
INSERT [Personne].[Personnage] ([PersonnageID], [Nom], [ActeurID], [EmissionTelevisionID]) VALUES (31, N'Gina', 31, 5)
INSERT [Personne].[Personnage] ([PersonnageID], [Nom], [ActeurID], [EmissionTelevisionID]) VALUES (32, N'Trumaine', 32, 5)
INSERT [Personne].[Personnage] ([PersonnageID], [Nom], [ActeurID], [EmissionTelevisionID]) VALUES (33, N'Faber', 33, 5)
INSERT [Personne].[Personnage] ([PersonnageID], [Nom], [ActeurID], [EmissionTelevisionID]) VALUES (34, N'Matilde', 34, 5)
INSERT [Personne].[Personnage] ([PersonnageID], [Nom], [ActeurID], [EmissionTelevisionID]) VALUES (35, N'Maressa', 35, 5)
INSERT [Personne].[Personnage] ([PersonnageID], [Nom], [ActeurID], [EmissionTelevisionID]) VALUES (36, N'Tucker', 36, 5)
INSERT [Personne].[Personnage] ([PersonnageID], [Nom], [ActeurID], [EmissionTelevisionID]) VALUES (37, N'Grier', 37, 5)
INSERT [Personne].[Personnage] ([PersonnageID], [Nom], [ActeurID], [EmissionTelevisionID]) VALUES (38, N'Shara', 38, 5)
INSERT [Personne].[Personnage] ([PersonnageID], [Nom], [ActeurID], [EmissionTelevisionID]) VALUES (39, N'Farrell', 39, 5)
INSERT [Personne].[Personnage] ([PersonnageID], [Nom], [ActeurID], [EmissionTelevisionID]) VALUES (40, N'Humbert', 40, 5)
SET IDENTITY_INSERT [Personne].[Personnage] OFF
GO
SET IDENTITY_INSERT [Personne].[Utilisateur] ON 

INSERT [Personne].[Utilisateur] ([UtilisateurID], [Pseudo], [NoTelephone], [PlateformeID], [MotDePasse]) VALUES (1, N'ncorlett0', N'1792226169', 3, 'BonjourSalut')
INSERT [Personne].[Utilisateur] ([UtilisateurID], [Pseudo], [NoTelephone], [PlateformeID], [MotDePasse]) VALUES (2, N'vdimond1', N'9871470265', 4, 'HelloTom')
INSERT [Personne].[Utilisateur] ([UtilisateurID], [Pseudo], [NoTelephone], [PlateformeID], [MotDePasse]) VALUES (3, N'evonhelmholtz2', N'7505401493', 3, 'KEVA')
INSERT [Personne].[Utilisateur] ([UtilisateurID], [Pseudo], [NoTelephone], [PlateformeID], [MotDePasse]) VALUES (4, N'bmarkus3', N'1275931989', 1, 'asdsdfaas')
INSERT [Personne].[Utilisateur] ([UtilisateurID], [Pseudo], [NoTelephone], [PlateformeID], [MotDePasse]) VALUES (5, N'bourtic4', N'8438921240', 4, 'BonjobgeurSalut')
INSERT [Personne].[Utilisateur] ([UtilisateurID], [Pseudo], [NoTelephone], [PlateformeID], [MotDePasse]) VALUES (6, N'ccastle5', N'9118675809', 4, 'BonjourSweerweralut')
INSERT [Personne].[Utilisateur] ([UtilisateurID], [Pseudo], [NoTelephone], [PlateformeID], [MotDePasse]) VALUES (7, N'lmattes6', N'4558369440', 1, 'FASfSAF')
INSERT [Personne].[Utilisateur] ([UtilisateurID], [Pseudo], [NoTelephone], [PlateformeID], [MotDePasse]) VALUES (8, N'eworham7', N'5743699131', 5, '2314464SAs')
INSERT [Personne].[Utilisateur] ([UtilisateurID], [Pseudo], [NoTelephone], [PlateformeID], [MotDePasse]) VALUES (9, N'rlenahan8', N'2747924245', 4, 'IODOIBEV')
INSERT [Personne].[Utilisateur] ([UtilisateurID], [Pseudo], [NoTelephone], [PlateformeID], [MotDePasse]) VALUES (10, N'wmessent9', N'4541891097', 2, 'KILA(HIN')
INSERT [Personne].[Utilisateur] ([UtilisateurID], [Pseudo], [NoTelephone], [PlateformeID], [MotDePasse]) VALUES (11, N'egreshama', N'1249191199', 4, 'SDFGHJKFD')
INSERT [Personne].[Utilisateur] ([UtilisateurID], [Pseudo], [NoTelephone], [PlateformeID], [MotDePasse]) VALUES (12, N'htromanb', N'3255916131', 1, 'KKKEKSPFD')
INSERT [Personne].[Utilisateur] ([UtilisateurID], [Pseudo], [NoTelephone], [PlateformeID], [MotDePasse]) VALUES (13, N'nscheuc', N'6611562531', 4, 'JeromeKda')
INSERT [Personne].[Utilisateur] ([UtilisateurID], [Pseudo], [NoTelephone], [PlateformeID], [MotDePasse]) VALUES (14, N'bollenbutteld', N'8429281677', 1, 'KennyKmi')
INSERT [Personne].[Utilisateur] ([UtilisateurID], [Pseudo], [NoTelephone], [PlateformeID], [MotDePasse]) VALUES (15, N'ipemblee', N'9821240465', 1, 'KOASPJVDS')
INSERT [Personne].[Utilisateur] ([UtilisateurID], [Pseudo], [NoTelephone], [PlateformeID], [MotDePasse]) VALUES (16, N'ohorbathf', N'6201662343', 1, 'KIKIFFFO')
INSERT [Personne].[Utilisateur] ([UtilisateurID], [Pseudo], [NoTelephone], [PlateformeID], [MotDePasse]) VALUES (17, N'jhoulsong', N'2374753651', 2, 'llilkoadsa')
INSERT [Personne].[Utilisateur] ([UtilisateurID], [Pseudo], [NoTelephone], [PlateformeID], [MotDePasse]) VALUES (18, N'kdorbinh', N'4355132247', 5, 'Liliasdfn')
INSERT [Personne].[Utilisateur] ([UtilisateurID], [Pseudo], [NoTelephone], [PlateformeID], [MotDePasse]) VALUES (19, N'jjarroldi', N'2744547401', 4, 'Ahnfkepew')
INSERT [Personne].[Utilisateur] ([UtilisateurID], [Pseudo], [NoTelephone], [PlateformeID], [MotDePasse]) VALUES (20, N'bfevierj', N'3822359363', 5, 'QSARSCXGF')
SET IDENTITY_INSERT [Personne].[Utilisateur] OFF
GO
SET IDENTITY_INSERT [Television].[Serie] ON 

INSERT [Television].[Serie] ([SerieID], [NbEpisode], [EmissionTelevisionID]) VALUES (1, 12, 1)
INSERT [Television].[Serie] ([SerieID], [NbEpisode], [EmissionTelevisionID]) VALUES (2, 16, 2)
INSERT [Television].[Serie] ([SerieID], [NbEpisode], [EmissionTelevisionID]) VALUES (3, 12, 3)
INSERT [Television].[Serie] ([SerieID], [NbEpisode], [EmissionTelevisionID]) VALUES (4, 12, 4)
INSERT [Television].[Serie] ([SerieID], [NbEpisode], [EmissionTelevisionID]) VALUES (5, 14, 5)
SET IDENTITY_INSERT [Television].[Serie] OFF
GO
SET IDENTITY_INSERT [Television].[Film] ON 

INSERT [Television].[Film] ([FilmID], [DureeMinute], [EmissionTelevisionID]) VALUES (2, 162, 6)
INSERT [Television].[Film] ([FilmID], [DureeMinute], [EmissionTelevisionID]) VALUES (3, 90, 9)
INSERT [Television].[Film] ([FilmID], [DureeMinute], [EmissionTelevisionID]) VALUES (4, 193, 10)
INSERT [Television].[Film] ([FilmID], [DureeMinute], [EmissionTelevisionID]) VALUES (5, 105, 7)
INSERT [Television].[Film] ([FilmID], [DureeMinute], [EmissionTelevisionID]) VALUES (6, 84, 8)
SET IDENTITY_INSERT [Television].[Film] OFF
GO
SET IDENTITY_INSERT [Personne].[Courriel] ON 

INSERT [Personne].[Courriel] ([CourrielID], [Nom], [UtilisateurID]) VALUES (1, N'lanfusso0@gov.uk', 1)
INSERT [Personne].[Courriel] ([CourrielID], [Nom], [UtilisateurID]) VALUES (2, N'brollings1@mozilla.com', 2)
INSERT [Personne].[Courriel] ([CourrielID], [Nom], [UtilisateurID]) VALUES (3, N'clovewell2@census.gov', 3)
INSERT [Personne].[Courriel] ([CourrielID], [Nom], [UtilisateurID]) VALUES (4, N'imateus3@yahoo.com', 4)
INSERT [Personne].[Courriel] ([CourrielID], [Nom], [UtilisateurID]) VALUES (5, N'rshowte4@virginia.edu', 5)
INSERT [Personne].[Courriel] ([CourrielID], [Nom], [UtilisateurID]) VALUES (6, N'touslem5@typepad.com', 6)
INSERT [Personne].[Courriel] ([CourrielID], [Nom], [UtilisateurID]) VALUES (7, N'khess6@about.com', 7)
INSERT [Personne].[Courriel] ([CourrielID], [Nom], [UtilisateurID]) VALUES (8, N'msouthward7@shareasale.com', 8)
INSERT [Personne].[Courriel] ([CourrielID], [Nom], [UtilisateurID]) VALUES (9, N'rscargle8@blog.com', 9)
INSERT [Personne].[Courriel] ([CourrielID], [Nom], [UtilisateurID]) VALUES (10, N'gcopnell9@indiatimes.com', 10)
INSERT [Personne].[Courriel] ([CourrielID], [Nom], [UtilisateurID]) VALUES (11, N'vdavidgea@360.cn', 11)
INSERT [Personne].[Courriel] ([CourrielID], [Nom], [UtilisateurID]) VALUES (12, N'cmcelroyb@earthlink.net', 12)
INSERT [Personne].[Courriel] ([CourrielID], [Nom], [UtilisateurID]) VALUES (13, N'nlickessc@simplemachines.org', 13)
INSERT [Personne].[Courriel] ([CourrielID], [Nom], [UtilisateurID]) VALUES (14, N'sgianninottid@wikimedia.org', 14)
INSERT [Personne].[Courriel] ([CourrielID], [Nom], [UtilisateurID]) VALUES (15, N'egerratye@si.edu', 15)
INSERT [Personne].[Courriel] ([CourrielID], [Nom], [UtilisateurID]) VALUES (16, N'alegisterf@bizjournals.com', 16)
INSERT [Personne].[Courriel] ([CourrielID], [Nom], [UtilisateurID]) VALUES (17, N'krableg@desdev.cn', 17)
INSERT [Personne].[Courriel] ([CourrielID], [Nom], [UtilisateurID]) VALUES (18, N'mbegginih@163.com', 18)
INSERT [Personne].[Courriel] ([CourrielID], [Nom], [UtilisateurID]) VALUES (19, N'adollmani@house.gov', 19)
INSERT [Personne].[Courriel] ([CourrielID], [Nom], [UtilisateurID]) VALUES (20, N'kcopelloj@bloomberg.com', 20)
SET IDENTITY_INSERT [Personne].[Courriel] OFF
GO
SET IDENTITY_INSERT [Personne].[Adresse] ON 

INSERT [Personne].[Adresse] ([AdresseID], [NoPorte], [Rue], [NoAppartement], [Ville], [CodePostal], [Province], [Pays], [UtilisateurID]) VALUES (1, 5736, N'Hooker Drive', 210, N'Waiwejak', N'J3Y 0R8', N'QC', N'Indonesia', 1)
INSERT [Personne].[Adresse] ([AdresseID], [NoPorte], [Rue], [NoAppartement], [Ville], [CodePostal], [Province], [Pays], [UtilisateurID]) VALUES (2, 3316, N'1st Way', 370, N'Tasget', N'M3A 1H5', N'AB', N'Kazakhstan', 2)
INSERT [Personne].[Adresse] ([AdresseID], [NoPorte], [Rue], [NoAppartement], [Ville], [CodePostal], [Province], [Pays], [UtilisateurID]) VALUES (3, 5189, N'Waxwing Way', 400, N'Caen', N'V6E 2V4', N'BN', N'France', 3)
INSERT [Personne].[Adresse] ([AdresseID], [NoPorte], [Rue], [NoAppartement], [Ville], [CodePostal], [Province], [Pays], [UtilisateurID]) VALUES (4, 121, N'Superior Street', 440, N'Krajan', N'L4S 0B3', N'SK', N'Indonesia', 4)
INSERT [Personne].[Adresse] ([AdresseID], [NoPorte], [Rue], [NoAppartement], [Ville], [CodePostal], [Province], [Pays], [UtilisateurID]) VALUES (5, 8129, N'Summer Ridge Parkway', 230, N'Jember', N'K2G 3R8', N'ON', N'Indonesia', 5)
INSERT [Personne].[Adresse] ([AdresseID], [NoPorte], [Rue], [NoAppartement], [Ville], [CodePostal], [Province], [Pays], [UtilisateurID]) VALUES (6, 345, N'Union Trail', 260, N'Rizhao', N'H1X 1Z9', N'QC', N'China', 6)
INSERT [Personne].[Adresse] ([AdresseID], [NoPorte], [Rue], [NoAppartement], [Ville], [CodePostal], [Province], [Pays], [UtilisateurID]) VALUES (7, 38022, N'Carberry Court', 180, N'Widorok', N'T2J 0V5', N'MB', N'Indonesia', 7)
INSERT [Personne].[Adresse] ([AdresseID], [NoPorte], [Rue], [NoAppartement], [Ville], [CodePostal], [Province], [Pays], [UtilisateurID]) VALUES (8, 143, N'Bobwhite Point', 460, N'Xinjiezi', N'R3T 4G8', N'JI', N'China', 8)
INSERT [Personne].[Adresse] ([AdresseID], [NoPorte], [Rue], [NoAppartement], [Ville], [CodePostal], [Province], [Pays], [UtilisateurID]) VALUES (9, 2490, N'Namekagon Junction', 290, N'Loay', N'N2C 2M3', N'SI', N'Philippines', 9)
INSERT [Personne].[Adresse] ([AdresseID], [NoPorte], [Rue], [NoAppartement], [Ville], [CodePostal], [Province], [Pays], [UtilisateurID]) VALUES (10, 46, N'Daystar Center', 310, N'Golina', N'G1R 3A2', N'SP', N'Poland', 10)
INSERT [Personne].[Adresse] ([AdresseID], [NoPorte], [Rue], [NoAppartement], [Ville], [CodePostal], [Province], [Pays], [UtilisateurID]) VALUES (11, 230, N'Maple Wood Park', 110, N'Hrtkovci', N'L6R 2R8', N'CA', N'Serbia', 11)
INSERT [Personne].[Adresse] ([AdresseID], [NoPorte], [Rue], [NoAppartement], [Ville], [CodePostal], [Province], [Pays], [UtilisateurID]) VALUES (12, 93737, N'North Street', 370, N'Christ', N'V5X 8R7', N'AS', N'New Zealand', 12)
INSERT [Personne].[Adresse] ([AdresseID], [NoPorte], [Rue], [NoAppartement], [Ville], [CodePostal], [Province], [Pays], [UtilisateurID]) VALUES (13, 139, N'Trailsway Lane', 190, N'Kornyn', N'M5M 2E9', N'WE', N'Ukraine', 13)
INSERT [Personne].[Adresse] ([AdresseID], [NoPorte], [Rue], [NoAppartement], [Ville], [CodePostal], [Province], [Pays], [UtilisateurID]) VALUES (14, 1729, N'Becker Court', 280, N'Ciudad', N'H7L 5J2', N'FE', N'Nicaragua', 14)
INSERT [Personne].[Adresse] ([AdresseID], [NoPorte], [Rue], [NoAppartement], [Ville], [CodePostal], [Province], [Pays], [UtilisateurID]) VALUES (15, 66461, N'Dwight Junction', 420, N'Abyek', N'T8N 4T2', N'VA', N'Iran', 15)
INSERT [Personne].[Adresse] ([AdresseID], [NoPorte], [Rue], [NoAppartement], [Ville], [CodePostal], [Province], [Pays], [UtilisateurID]) VALUES (16, 893, N'Cambridge Way', 170, N'Gongbuxue', N'K1V 9P3', N'AS', N'China', 16)
INSERT [Personne].[Adresse] ([AdresseID], [NoPorte], [Rue], [NoAppartement], [Ville], [CodePostal], [Province], [Pays], [UtilisateurID]) VALUES (17, 219, N'Corscot Lane', 360, N'Xinan', N'L5N 7W5', N'VC', N'China', 17)
INSERT [Personne].[Adresse] ([AdresseID], [NoPorte], [Rue], [NoAppartement], [Ville], [CodePostal], [Province], [Pays], [UtilisateurID]) VALUES (18, 90582, N'Hanson Point', 180, N'Esuk Oron', N'G2B 6H1', N'AZ', N'Nigeria', 18)
INSERT [Personne].[Adresse] ([AdresseID], [NoPorte], [Rue], [NoAppartement], [Ville], [CodePostal], [Province], [Pays], [UtilisateurID]) VALUES (19, 209, N'Manley Circle', 380, N'Boliney', N'V9Y 3P7', N'LK', N'Philippines', 19)
INSERT [Personne].[Adresse] ([AdresseID], [NoPorte], [Rue], [NoAppartement], [Ville], [CodePostal], [Province], [Pays], [UtilisateurID]) VALUES (20, 258, N'Barnett Junction', 290, N'Zaio', N'M1P 6G7', N'MN', N'Morocco', 20)
SET IDENTITY_INSERT [Personne].[Adresse] OFF
GO
